;bus;magnitude;pn;qn;phase
0;1;2.336091457335324;2.3320515254557055;0.1373280002577616;86.62990349004967
1;2;1.3422372914517755e-08;1.3422372914517755e-08;0.0;0.0
2;3;2.6569991373737167e-08;2.6569991373737167e-08;0.0;0.0
3;4;1.584014502050821e-08;1.3087306682812994e-08;8.92370988214708e-09;55.7114905633976
4;5;1.195538297092256;1.157319954845833;-0.2998705419508396;-75.47368060261469
