;bus;magnitude;vnr;vnj;phase
0;1;1.0178778447772456;0.9618143385928453;0.33314934333655516;70.89514545807538
1;2;0.9542480066643264;0.921231992581113;0.24883905253772487;74.88425633284001
2;3;0.9500558942263045;0.9053544175428053;0.28799232765799665;72.35418519802495
3;4;1.0572723288932526;0.9580260153064268;0.4472258170538145;64.97588716754277
4;5;1.0962110558517024;0.9527127060870602;0.542233509322114;60.35376479519697
