;gamma;missmatch;cost;penalty;offer
0;0.002247696645991475;10.122777812499955;4493.4999999999945;0.0;4493.4999999999945
1;0.0024891232883654957;10.540469679140633;4224.070860506165;0.0;4224.070860506165
2;0.0001035430360484592;0.472279666609872;4560.71970999883;0.0;4560.71970999883
3;9.351390997684592e-07;0.004276209389996066;4572.801406982402;0.0;4572.801406982402
4;1.4856766664303124e-09;6.79401835201876e-06;4573.0127526666165;0.0;4573.0127526666165
5;5.02232636990487e-13;2.2967143742391727e-09;4573.009010327463;0.0;4573.009010327463
